date,phase
1/7/70,New Moon
1/14/70,First Quarter
1/22/70,Full Moon
1/30/70,Last Quarter
2/6/70,New Moon
2/13/70,First Quarter
2/21/70,Full Moon
3/1/70,Last Quarter
3/7/70,New Moon
3/14/70,First Quarter
3/23/70,Full Moon
3/30/70,Last Quarter
4/6/70,New Moon
4/13/70,First Quarter
4/21/70,Full Moon
4/28/70,Last Quarter
5/5/70,New Moon
5/13/70,First Quarter
5/21/70,Full Moon
5/27/70,Last Quarter
6/4/70,New Moon
6/12/70,First Quarter
6/19/70,Full Moon
6/26/70,Last Quarter
7/3/70,New Moon
7/11/70,First Quarter
7/18/70,Full Moon
7/25/70,Last Quarter
8/2/70,New Moon
8/10/70,First Quarter
8/17/70,Full Moon
8/23/70,Last Quarter
8/31/70,New Moon
9/8/70,First Quarter
9/15/70,Full Moon
9/22/70,Last Quarter
9/30/70,New Moon
10/8/70,First Quarter
10/14/70,Full Moon
10/22/70,Last Quarter
10/30/70,New Moon
11/6/70,First Quarter
11/13/70,Full Moon
11/20/70,Last Quarter
11/28/70,New Moon
12/5/70,First Quarter
12/12/70,Full Moon
12/20/70,Last Quarter
12/28/70,New Moon
1/4/71,First Quarter
1/11/71,Full Moon
1/19/71,Last Quarter
1/26/71,New Moon
2/2/71,First Quarter
2/10/71,Full Moon
2/18/71,Last Quarter
2/25/71,New Moon
3/4/71,First Quarter
3/12/71,Full Moon
3/20/71,Last Quarter
3/26/71,New Moon
4/2/71,First Quarter
4/10/71,Full Moon
4/18/71,Last Quarter
4/25/71,New Moon
5/2/71,First Quarter
5/10/71,Full Moon
5/17/71,Last Quarter
5/24/71,New Moon
6/1/71,First Quarter
6/9/71,Full Moon
6/16/71,Last Quarter
6/22/71,New Moon
6/30/71,First Quarter
7/8/71,Full Moon
7/15/71,Last Quarter
7/22/71,New Moon
7/30/71,First Quarter
8/6/71,Full Moon
8/13/71,Last Quarter
8/20/71,New Moon
8/29/71,First Quarter
9/5/71,Full Moon
9/11/71,Last Quarter
9/19/71,New Moon
9/27/71,First Quarter
10/4/71,Full Moon
10/11/71,Last Quarter
10/19/71,New Moon
10/27/71,First Quarter
11/2/71,Full Moon
11/9/71,Last Quarter
11/18/71,New Moon
11/25/71,First Quarter
12/2/71,Full Moon
12/9/71,Last Quarter
12/17/71,New Moon
12/25/71,First Quarter
12/31/71,Full Moon
1/8/72,Last Quarter
1/16/72,New Moon
1/23/72,First Quarter
1/30/72,Full Moon
2/7/72,Last Quarter
2/15/72,New Moon
2/21/72,First Quarter
2/29/72,Full Moon
3/8/72,Last Quarter
3/15/72,New Moon
3/22/72,First Quarter
3/29/72,Full Moon
4/6/72,Last Quarter
4/13/72,New Moon
4/20/72,First Quarter
4/28/72,Full Moon
5/6/72,Last Quarter
5/13/72,New Moon
5/20/72,First Quarter
5/28/72,Full Moon
6/4/72,Last Quarter
6/11/72,New Moon
6/18/72,First Quarter
6/26/72,Full Moon
7/4/72,Last Quarter
7/10/72,New Moon
7/18/72,First Quarter
7/26/72,Full Moon
8/2/72,Last Quarter
8/9/72,New Moon
8/17/72,First Quarter
8/24/72,Full Moon
8/31/72,Last Quarter
9/7/72,New Moon
9/15/72,First Quarter
9/23/72,Full Moon
9/29/72,Last Quarter
10/7/72,New Moon
10/15/72,First Quarter
10/22/72,Full Moon
10/29/72,Last Quarter
11/6/72,New Moon
11/14/72,First Quarter
11/20/72,Full Moon
11/27/72,Last Quarter
12/5/72,New Moon
12/13/72,First Quarter
12/20/72,Full Moon
12/27/72,Last Quarter
1/4/73,New Moon
1/12/73,First Quarter
1/18/73,Full Moon
1/26/73,Last Quarter
2/3/73,New Moon
2/10/73,First Quarter
2/17/73,Full Moon
2/25/73,Last Quarter
3/5/73,New Moon
3/11/73,First Quarter
3/18/73,Full Moon
3/26/73,Last Quarter
4/3/73,New Moon
4/10/73,First Quarter
4/17/73,Full Moon
4/25/73,Last Quarter
5/2/73,New Moon
5/9/73,First Quarter
5/17/73,Full Moon
5/25/73,Last Quarter
6/1/73,New Moon
6/7/73,First Quarter
6/15/73,Full Moon
6/23/73,Last Quarter
6/30/73,New Moon
7/7/73,First Quarter
7/15/73,Full Moon
7/23/73,Last Quarter
7/29/73,New Moon
8/5/73,First Quarter
8/14/73,Full Moon
8/21/73,Last Quarter
8/28/73,New Moon
9/4/73,First Quarter
9/12/73,Full Moon
9/19/73,Last Quarter
9/26/73,New Moon
10/4/73,First Quarter
10/12/73,Full Moon
10/18/73,Last Quarter
10/26/73,New Moon
11/3/73,First Quarter
11/10/73,Full Moon
11/17/73,Last Quarter
11/24/73,New Moon
12/3/73,First Quarter
12/10/73,Full Moon
12/16/73,Last Quarter
12/24/73,New Moon
1/1/74,First Quarter
1/8/74,Full Moon
1/15/74,Last Quarter
1/23/74,New Moon
1/31/74,First Quarter
2/6/74,Full Moon
2/14/74,Last Quarter
2/22/74,New Moon
3/1/74,First Quarter
3/8/74,Full Moon
3/15/74,Last Quarter
3/23/74,New Moon
3/31/74,First Quarter
4/6/74,Full Moon
4/14/74,Last Quarter
4/22/74,New Moon
4/29/74,First Quarter
5/6/74,Full Moon
5/14/74,Last Quarter
5/21/74,New Moon
5/28/74,First Quarter
6/4/74,Full Moon
6/13/74,Last Quarter
6/20/74,New Moon
6/26/74,First Quarter
7/4/74,Full Moon
7/12/74,Last Quarter
7/19/74,New Moon
7/26/74,First Quarter
8/3/74,Full Moon
8/11/74,Last Quarter
8/17/74,New Moon
8/24/74,First Quarter
9/1/74,Full Moon
9/9/74,Last Quarter
9/16/74,New Moon
9/23/74,First Quarter
10/1/74,Full Moon
10/8/74,Last Quarter
10/15/74,New Moon
10/23/74,First Quarter
10/31/74,Full Moon
11/7/74,Last Quarter
11/14/74,New Moon
11/21/74,First Quarter
11/29/74,Full Moon
12/6/74,Last Quarter
12/13/74,New Moon
12/21/74,First Quarter
12/29/74,Full Moon
1/4/75,Last Quarter
1/12/75,New Moon
1/20/75,First Quarter
1/27/75,Full Moon
2/3/75,Last Quarter
2/11/75,New Moon
2/19/75,First Quarter
2/26/75,Full Moon
3/4/75,Last Quarter
3/12/75,New Moon
3/20/75,First Quarter
3/27/75,Full Moon
4/3/75,Last Quarter
4/11/75,New Moon
4/19/75,First Quarter
4/25/75,Full Moon
5/3/75,Last Quarter
5/11/75,New Moon
5/18/75,First Quarter
5/25/75,Full Moon
6/1/75,Last Quarter
6/9/75,New Moon
6/16/75,First Quarter
6/23/75,Full Moon
7/1/75,Last Quarter
7/9/75,New Moon
7/15/75,First Quarter
7/23/75,Full Moon
7/31/75,Last Quarter
8/7/75,New Moon
8/14/75,First Quarter
8/21/75,Full Moon
8/29/75,Last Quarter
9/5/75,New Moon
9/12/75,First Quarter
9/20/75,Full Moon
9/28/75,Last Quarter
10/5/75,New Moon
10/12/75,First Quarter
10/20/75,Full Moon
10/27/75,Last Quarter
11/3/75,New Moon
11/10/75,First Quarter
11/18/75,Full Moon
11/26/75,Last Quarter
12/3/75,New Moon
12/10/75,First Quarter
12/18/75,Full Moon
12/25/75,Last Quarter
1/1/76,New Moon
1/9/76,First Quarter
1/17/76,Full Moon
1/23/76,Last Quarter
1/31/76,New Moon
2/8/76,First Quarter
2/15/76,Full Moon
2/22/76,Last Quarter
2/29/76,New Moon
3/9/76,First Quarter
3/16/76,Full Moon
3/22/76,Last Quarter
3/30/76,New Moon
4/7/76,First Quarter
4/14/76,Full Moon
4/21/76,Last Quarter
4/29/76,New Moon
5/7/76,First Quarter
5/13/76,Full Moon
5/20/76,Last Quarter
5/29/76,New Moon
6/5/76,First Quarter
6/12/76,Full Moon
6/19/76,Last Quarter
6/27/76,New Moon
7/4/76,First Quarter
7/11/76,Full Moon
7/19/76,Last Quarter
7/27/76,New Moon
8/2/76,First Quarter
8/9/76,Full Moon
8/18/76,Last Quarter
8/25/76,New Moon
9/1/76,First Quarter
9/8/76,Full Moon
9/16/76,Last Quarter
9/23/76,New Moon
9/30/76,First Quarter
10/8/76,Full Moon
10/16/76,Last Quarter
10/23/76,New Moon
10/29/76,First Quarter
11/6/76,Full Moon
11/14/76,Last Quarter
11/21/76,New Moon
11/28/76,First Quarter
12/6/76,Full Moon
12/14/76,Last Quarter
12/21/76,New Moon
12/28/76,First Quarter
1/5/77,Full Moon
1/12/77,Last Quarter
1/19/77,New Moon
1/27/77,First Quarter
2/4/77,Full Moon
2/11/77,Last Quarter
2/18/77,New Moon
2/26/77,First Quarter
3/5/77,Full Moon
3/12/77,Last Quarter
3/19/77,New Moon
3/27/77,First Quarter
4/4/77,Full Moon
4/10/77,Last Quarter
4/18/77,New Moon
4/26/77,First Quarter
5/3/77,Full Moon
5/10/77,Last Quarter
5/18/77,New Moon
5/26/77,First Quarter
6/1/77,Full Moon
6/8/77,Last Quarter
6/16/77,New Moon
6/24/77,First Quarter
7/1/77,Full Moon
7/8/77,Last Quarter
7/16/77,New Moon
7/23/77,First Quarter
7/30/77,Full Moon
8/6/77,Last Quarter
8/14/77,New Moon
8/22/77,First Quarter
8/28/77,Full Moon
9/5/77,Last Quarter
9/13/77,New Moon
9/20/77,First Quarter
9/27/77,Full Moon
10/5/77,Last Quarter
10/12/77,New Moon
10/19/77,First Quarter
10/26/77,Full Moon
11/4/77,Last Quarter
11/11/77,New Moon
11/17/77,First Quarter
11/25/77,Full Moon
12/3/77,Last Quarter
12/10/77,New Moon
12/17/77,First Quarter
12/25/77,Full Moon
1/2/78,Last Quarter
1/9/78,New Moon
1/16/78,First Quarter
1/24/78,Full Moon
1/31/78,Last Quarter
2/7/78,New Moon
2/14/78,First Quarter
2/23/78,Full Moon
3/2/78,Last Quarter
3/9/78,New Moon
3/16/78,First Quarter
3/24/78,Full Moon
3/31/78,Last Quarter
4/7/78,New Moon
4/15/78,First Quarter
4/23/78,Full Moon
4/29/78,Last Quarter
5/7/78,New Moon
5/15/78,First Quarter
5/22/78,Full Moon
5/29/78,Last Quarter
6/5/78,New Moon
6/13/78,First Quarter
6/20/78,Full Moon
6/27/78,Last Quarter
7/5/78,New Moon
7/13/78,First Quarter
7/20/78,Full Moon
7/26/78,Last Quarter
8/4/78,New Moon
8/11/78,First Quarter
8/18/78,Full Moon
8/25/78,Last Quarter
9/2/78,New Moon
9/10/78,First Quarter
9/16/78,Full Moon
9/24/78,Last Quarter
10/2/78,New Moon
10/9/78,First Quarter
10/16/78,Full Moon
10/24/78,Last Quarter
10/31/78,New Moon
11/7/78,First Quarter
11/14/78,Full Moon
11/22/78,Last Quarter
11/30/78,New Moon
12/7/78,First Quarter
12/14/78,Full Moon
12/22/78,Last Quarter
12/29/78,New Moon
1/5/79,First Quarter
1/13/79,Full Moon
1/21/79,Last Quarter
1/28/79,New Moon
2/4/79,First Quarter
2/12/79,Full Moon
2/20/79,Last Quarter
2/26/79,New Moon
3/5/79,First Quarter
3/13/79,Full Moon
3/21/79,Last Quarter
3/28/79,New Moon
4/4/79,First Quarter
4/12/79,Full Moon
4/19/79,Last Quarter
4/26/79,New Moon
5/4/79,First Quarter
5/12/79,Full Moon
5/18/79,Last Quarter
5/26/79,New Moon
6/2/79,First Quarter
6/10/79,Full Moon
6/17/79,Last Quarter
6/24/79,New Moon
7/2/79,First Quarter
7/9/79,Full Moon
7/16/79,Last Quarter
7/24/79,New Moon
8/1/79,First Quarter
8/8/79,Full Moon
8/14/79,Last Quarter
8/22/79,New Moon
8/30/79,First Quarter
9/6/79,Full Moon
9/13/79,Last Quarter
9/21/79,New Moon
9/29/79,First Quarter
10/5/79,Full Moon
10/12/79,Last Quarter
10/21/79,New Moon
10/28/79,First Quarter
11/4/79,Full Moon
11/11/79,Last Quarter
11/19/79,New Moon
11/26/79,First Quarter
12/3/79,Full Moon
12/11/79,Last Quarter
12/19/79,New Moon
12/26/79,First Quarter
1/2/80,Full Moon
1/10/80,Last Quarter
1/17/80,New Moon
1/24/80,First Quarter
2/1/80,Full Moon
2/9/80,Last Quarter
2/16/80,New Moon
2/23/80,First Quarter
3/1/80,Full Moon
3/9/80,Last Quarter
3/16/80,New Moon
3/23/80,First Quarter
3/31/80,Full Moon
4/8/80,Last Quarter
4/15/80,New Moon
4/22/80,First Quarter
4/30/80,Full Moon
5/7/80,Last Quarter
5/14/80,New Moon
5/21/80,First Quarter
5/29/80,Full Moon
6/6/80,Last Quarter
6/12/80,New Moon
6/20/80,First Quarter
6/28/80,Full Moon
7/5/80,Last Quarter
7/12/80,New Moon
7/20/80,First Quarter
7/27/80,Full Moon
8/3/80,Last Quarter
8/10/80,New Moon
8/18/80,First Quarter
8/26/80,Full Moon
9/1/80,Last Quarter
9/9/80,New Moon
9/17/80,First Quarter
9/24/80,Full Moon
10/1/80,Last Quarter
10/9/80,New Moon
10/17/80,First Quarter
10/23/80,Full Moon
10/30/80,Last Quarter
11/7/80,New Moon
11/15/80,First Quarter
11/22/80,Full Moon
11/29/80,Last Quarter
12/7/80,New Moon
12/15/80,First Quarter
12/21/80,Full Moon
12/29/80,Last Quarter
1/6/81,New Moon
1/13/81,First Quarter
1/20/81,Full Moon
1/28/81,Last Quarter
2/4/81,New Moon
2/11/81,First Quarter
2/18/81,Full Moon
2/27/81,Last Quarter
3/6/81,New Moon
3/13/81,First Quarter
3/20/81,Full Moon
3/28/81,Last Quarter
4/4/81,New Moon
4/11/81,First Quarter
4/19/81,Full Moon
4/27/81,Last Quarter
5/4/81,New Moon
5/10/81,First Quarter
5/19/81,Full Moon
5/26/81,Last Quarter
6/2/81,New Moon
6/9/81,First Quarter
6/17/81,Full Moon
6/25/81,Last Quarter
7/1/81,New Moon
7/9/81,First Quarter
7/17/81,Full Moon
7/24/81,Last Quarter
7/31/81,New Moon
8/7/81,First Quarter
8/15/81,Full Moon
8/22/81,Last Quarter
8/29/81,New Moon
9/6/81,First Quarter
9/14/81,Full Moon
9/20/81,Last Quarter
9/28/81,New Moon
10/6/81,First Quarter
10/13/81,Full Moon
10/20/81,Last Quarter
10/27/81,New Moon
11/5/81,First Quarter
11/11/81,Full Moon
11/18/81,Last Quarter
11/26/81,New Moon
12/4/81,First Quarter
12/11/81,Full Moon
12/18/81,Last Quarter
12/26/81,New Moon
1/3/82,First Quarter
1/9/82,Full Moon
1/16/82,Last Quarter
1/25/82,New Moon
2/1/82,First Quarter
2/8/82,Full Moon
2/15/82,Last Quarter
2/23/82,New Moon
3/2/82,First Quarter
3/9/82,Full Moon
3/17/82,Last Quarter
3/25/82,New Moon
4/1/82,First Quarter
4/8/82,Full Moon
4/16/82,Last Quarter
4/23/82,New Moon
4/30/82,First Quarter
5/8/82,Full Moon
5/16/82,Last Quarter
5/23/82,New Moon
5/29/82,First Quarter
6/6/82,Full Moon
6/14/82,Last Quarter
6/21/82,New Moon
6/28/82,First Quarter
7/6/82,Full Moon
7/14/82,Last Quarter
7/20/82,New Moon
7/27/82,First Quarter
8/4/82,Full Moon
8/12/82,Last Quarter
8/19/82,New Moon
8/26/82,First Quarter
9/3/82,Full Moon
9/10/82,Last Quarter
9/17/82,New Moon
9/25/82,First Quarter
10/3/82,Full Moon
10/9/82,Last Quarter
10/17/82,New Moon
10/25/82,First Quarter
11/1/82,Full Moon
11/8/82,Last Quarter
11/15/82,New Moon
11/23/82,First Quarter
12/1/82,Full Moon
12/7/82,Last Quarter
12/15/82,New Moon
12/23/82,First Quarter
12/30/82,Full Moon
1/6/83,Last Quarter
1/14/83,New Moon
1/22/83,First Quarter
1/28/83,Full Moon
2/4/83,Last Quarter
2/13/83,New Moon
2/20/83,First Quarter
2/27/83,Full Moon
3/6/83,Last Quarter
3/14/83,New Moon
3/22/83,First Quarter
3/28/83,Full Moon
4/5/83,Last Quarter
4/13/83,New Moon
4/20/83,First Quarter
4/27/83,Full Moon
5/5/83,Last Quarter
5/12/83,New Moon
5/19/83,First Quarter
5/26/83,Full Moon
6/3/83,Last Quarter
6/11/83,New Moon
6/17/83,First Quarter
6/25/83,Full Moon
7/3/83,Last Quarter
7/10/83,New Moon
7/17/83,First Quarter
7/24/83,Full Moon
8/2/83,Last Quarter
8/8/83,New Moon
8/15/83,First Quarter
8/23/83,Full Moon
8/31/83,Last Quarter
9/7/83,New Moon
9/14/83,First Quarter
9/22/83,Full Moon
9/29/83,Last Quarter
10/6/83,New Moon
10/13/83,First Quarter
10/21/83,Full Moon
10/29/83,Last Quarter
11/4/83,New Moon
11/12/83,First Quarter
11/20/83,Full Moon
11/27/83,Last Quarter
12/4/83,New Moon
12/12/83,First Quarter
12/20/83,Full Moon
12/26/83,Last Quarter
1/3/84,New Moon
1/11/84,First Quarter
1/18/84,Full Moon
1/25/84,Last Quarter
2/1/84,New Moon
2/10/84,First Quarter
2/17/84,Full Moon
2/23/84,Last Quarter
3/2/84,New Moon
3/10/84,First Quarter
3/17/84,Full Moon
3/24/84,Last Quarter
4/1/84,New Moon
4/9/84,First Quarter
4/15/84,Full Moon
4/23/84,Last Quarter
5/1/84,New Moon
5/8/84,First Quarter
5/15/84,Full Moon
5/22/84,Last Quarter
5/30/84,New Moon
6/6/84,First Quarter
6/13/84,Full Moon
6/21/84,Last Quarter
6/29/84,New Moon
7/5/84,First Quarter
7/13/84,Full Moon
7/21/84,Last Quarter
7/28/84,New Moon
8/4/84,First Quarter
8/11/84,Full Moon
8/19/84,Last Quarter
8/26/84,New Moon
9/2/84,First Quarter
9/10/84,Full Moon
9/18/84,Last Quarter
9/25/84,New Moon
10/1/84,First Quarter
10/9/84,Full Moon
10/17/84,Last Quarter
10/24/84,New Moon
10/31/84,First Quarter
11/8/84,Full Moon
11/16/84,Last Quarter
11/22/84,New Moon
11/30/84,First Quarter
12/8/84,Full Moon
12/15/84,Last Quarter
12/22/84,New Moon
12/30/84,First Quarter
1/7/85,Full Moon
1/13/85,Last Quarter
1/21/85,New Moon
1/29/85,First Quarter
2/5/85,Full Moon
2/12/85,Last Quarter
2/19/85,New Moon
2/27/85,First Quarter
3/7/85,Full Moon
3/13/85,Last Quarter
3/21/85,New Moon
3/29/85,First Quarter
4/5/85,Full Moon
4/12/85,Last Quarter
4/20/85,New Moon
4/28/85,First Quarter
5/4/85,Full Moon
5/11/85,Last Quarter
5/19/85,New Moon
5/27/85,First Quarter
6/3/85,Full Moon
6/10/85,Last Quarter
6/18/85,New Moon
6/25/85,First Quarter
7/2/85,Full Moon
7/10/85,Last Quarter
7/17/85,New Moon
7/24/85,First Quarter
7/31/85,Full Moon
8/8/85,Last Quarter
8/16/85,New Moon
8/23/85,First Quarter
8/30/85,Full Moon
9/7/85,Last Quarter
9/14/85,New Moon
9/21/85,First Quarter
9/29/85,Full Moon
10/7/85,Last Quarter
10/14/85,New Moon
10/20/85,First Quarter
10/28/85,Full Moon
11/5/85,Last Quarter
11/12/85,New Moon
11/19/85,First Quarter
11/27/85,Full Moon
12/5/85,Last Quarter
12/12/85,New Moon
12/19/85,First Quarter
12/27/85,Full Moon
1/3/86,Last Quarter
1/10/86,New Moon
1/17/86,First Quarter
1/26/86,Full Moon
2/2/86,Last Quarter
2/9/86,New Moon
2/16/86,First Quarter
2/24/86,Full Moon
3/3/86,Last Quarter
3/10/86,New Moon
3/18/86,First Quarter
3/26/86,Full Moon
4/1/86,Last Quarter
4/9/86,New Moon
4/17/86,First Quarter
4/24/86,Full Moon
5/1/86,Last Quarter
5/8/86,New Moon
5/17/86,First Quarter
5/23/86,Full Moon
5/30/86,Last Quarter
6/7/86,New Moon
6/15/86,First Quarter
6/22/86,Full Moon
6/29/86,Last Quarter
7/7/86,New Moon
7/14/86,First Quarter
7/21/86,Full Moon
7/28/86,Last Quarter
8/5/86,New Moon
8/13/86,First Quarter
8/19/86,Full Moon
8/27/86,Last Quarter
9/4/86,New Moon
9/11/86,First Quarter
9/18/86,Full Moon
9/26/86,Last Quarter
10/3/86,New Moon
10/10/86,First Quarter
10/17/86,Full Moon
10/25/86,Last Quarter
11/2/86,New Moon
11/8/86,First Quarter
11/16/86,Full Moon
11/24/86,Last Quarter
12/1/86,New Moon
12/8/86,First Quarter
12/16/86,Full Moon
12/24/86,Last Quarter
12/31/86,New Moon
1/6/87,First Quarter
1/15/87,Full Moon
1/22/87,Last Quarter
1/29/87,New Moon
2/5/87,First Quarter
2/13/87,Full Moon
2/21/87,Last Quarter
2/28/87,New Moon
3/7/87,First Quarter
3/15/87,Full Moon
3/22/87,Last Quarter
3/29/87,New Moon
4/6/87,First Quarter
4/14/87,Full Moon
4/20/87,Last Quarter
4/28/87,New Moon
5/6/87,First Quarter
5/13/87,Full Moon
5/20/87,Last Quarter
5/27/87,New Moon
6/4/87,First Quarter
6/11/87,Full Moon
6/18/87,Last Quarter
6/26/87,New Moon
7/4/87,First Quarter
7/11/87,Full Moon
7/17/87,Last Quarter
7/25/87,New Moon
8/2/87,First Quarter
8/9/87,Full Moon
8/16/87,Last Quarter
8/24/87,New Moon
9/1/87,First Quarter
9/7/87,Full Moon
9/14/87,Last Quarter
9/23/87,New Moon
9/30/87,First Quarter
10/7/87,Full Moon
10/14/87,Last Quarter
10/22/87,New Moon
10/29/87,First Quarter
11/5/87,Full Moon
11/13/87,Last Quarter
11/21/87,New Moon
11/28/87,First Quarter
12/5/87,Full Moon
12/13/87,Last Quarter
12/20/87,New Moon
12/27/87,First Quarter
1/4/88,Full Moon
1/12/88,Last Quarter
1/19/88,New Moon
1/25/88,First Quarter
2/2/88,Full Moon
2/10/88,Last Quarter
2/17/88,New Moon
2/24/88,First Quarter
3/3/88,Full Moon
3/11/88,Last Quarter
3/18/88,New Moon
3/25/88,First Quarter
4/2/88,Full Moon
4/9/88,Last Quarter
4/16/88,New Moon
4/23/88,First Quarter
5/1/88,Full Moon
5/9/88,Last Quarter
5/15/88,New Moon
5/23/88,First Quarter
5/31/88,Full Moon
6/7/88,Last Quarter
6/14/88,New Moon
6/22/88,First Quarter
6/29/88,Full Moon
7/6/88,Last Quarter
7/13/88,New Moon
7/22/88,First Quarter
7/29/88,Full Moon
8/4/88,Last Quarter
8/12/88,New Moon
8/20/88,First Quarter
8/27/88,Full Moon
9/3/88,Last Quarter
9/11/88,New Moon
9/19/88,First Quarter
9/25/88,Full Moon
10/2/88,Last Quarter
10/10/88,New Moon
10/18/88,First Quarter
10/25/88,Full Moon
11/1/88,Last Quarter
11/9/88,New Moon
11/16/88,First Quarter
11/23/88,Full Moon
12/1/88,Last Quarter
12/9/88,New Moon
12/16/88,First Quarter
12/23/88,Full Moon
12/31/88,Last Quarter
1/7/89,New Moon
1/14/89,First Quarter
1/21/89,Full Moon
1/30/89,Last Quarter
2/6/89,New Moon
2/12/89,First Quarter
2/20/89,Full Moon
2/28/89,Last Quarter
3/7/89,New Moon
3/14/89,First Quarter
3/22/89,Full Moon
3/30/89,Last Quarter
4/6/89,New Moon
4/12/89,First Quarter
4/21/89,Full Moon
4/28/89,Last Quarter
5/5/89,New Moon
5/12/89,First Quarter
5/20/89,Full Moon
5/28/89,Last Quarter
6/3/89,New Moon
6/11/89,First Quarter
6/19/89,Full Moon
6/26/89,Last Quarter
7/3/89,New Moon
7/11/89,First Quarter
7/18/89,Full Moon
7/25/89,Last Quarter
8/1/89,New Moon
8/9/89,First Quarter
8/17/89,Full Moon
8/23/89,Last Quarter
8/31/89,New Moon
9/8/89,First Quarter
9/15/89,Full Moon
9/22/89,Last Quarter
9/29/89,New Moon
10/8/89,First Quarter
10/14/89,Full Moon
10/21/89,Last Quarter
10/29/89,New Moon
11/6/89,First Quarter
11/13/89,Full Moon
11/20/89,Last Quarter
11/28/89,New Moon
12/6/89,First Quarter
12/12/89,Full Moon
12/19/89,Last Quarter
12/28/89,New Moon
1/4/90,First Quarter
1/11/90,Full Moon
1/18/90,Last Quarter
1/26/90,New Moon
2/2/90,First Quarter
2/9/90,Full Moon
2/17/90,Last Quarter
2/25/90,New Moon
3/4/90,First Quarter
3/11/90,Full Moon
3/19/90,Last Quarter
3/26/90,New Moon
4/2/90,First Quarter
4/10/90,Full Moon
4/18/90,Last Quarter
4/25/90,New Moon
5/1/90,First Quarter
5/9/90,Full Moon
5/17/90,Last Quarter
5/24/90,New Moon
5/31/90,First Quarter
6/8/90,Full Moon
6/16/90,Last Quarter
6/22/90,New Moon
6/29/90,First Quarter
7/8/90,Full Moon
7/15/90,Last Quarter
7/22/90,New Moon
7/29/90,First Quarter
8/6/90,Full Moon
8/13/90,Last Quarter
8/20/90,New Moon
8/28/90,First Quarter
9/5/90,Full Moon
9/11/90,Last Quarter
9/19/90,New Moon
9/27/90,First Quarter
10/4/90,Full Moon
10/11/90,Last Quarter
10/18/90,New Moon
10/26/90,First Quarter
11/2/90,Full Moon
11/9/90,Last Quarter
11/17/90,New Moon
11/25/90,First Quarter
12/2/90,Full Moon
12/9/90,Last Quarter
12/17/90,New Moon
12/25/90,First Quarter
12/31/90,Full Moon
1/7/91,Last Quarter
1/15/91,New Moon
1/23/91,First Quarter
1/30/91,Full Moon
2/6/91,Last Quarter
2/14/91,New Moon
2/21/91,First Quarter
2/28/91,Full Moon
3/8/91,Last Quarter
3/16/91,New Moon
3/23/91,First Quarter
3/30/91,Full Moon
4/7/91,Last Quarter
4/14/91,New Moon
4/21/91,First Quarter
4/28/91,Full Moon
5/7/91,Last Quarter
5/14/91,New Moon
5/20/91,First Quarter
5/28/91,Full Moon
6/5/91,Last Quarter
6/12/91,New Moon
6/19/91,First Quarter
6/27/91,Full Moon
7/5/91,Last Quarter
7/11/91,New Moon
7/18/91,First Quarter
7/26/91,Full Moon
8/3/91,Last Quarter
8/10/91,New Moon
8/17/91,First Quarter
8/25/91,Full Moon
9/1/91,Last Quarter
9/8/91,New Moon
9/15/91,First Quarter
9/23/91,Full Moon
10/1/91,Last Quarter
10/7/91,New Moon
10/15/91,First Quarter
10/23/91,Full Moon
10/30/91,Last Quarter
11/6/91,New Moon
11/14/91,First Quarter
11/21/91,Full Moon
11/28/91,Last Quarter
12/6/91,New Moon
12/14/91,First Quarter
12/21/91,Full Moon
12/28/91,Last Quarter
1/4/92,New Moon
1/13/92,First Quarter
1/19/92,Full Moon
1/26/92,Last Quarter
2/3/92,New Moon
2/11/92,First Quarter
2/18/92,Full Moon
2/25/92,Last Quarter
3/4/92,New Moon
3/12/92,First Quarter
3/18/92,Full Moon
3/26/92,Last Quarter
4/3/92,New Moon
4/10/92,First Quarter
4/17/92,Full Moon
4/24/92,Last Quarter
5/2/92,New Moon
5/9/92,First Quarter
5/16/92,Full Moon
5/24/92,Last Quarter
6/1/92,New Moon
6/7/92,First Quarter
6/15/92,Full Moon
6/23/92,Last Quarter
6/30/92,New Moon
7/7/92,First Quarter
7/14/92,Full Moon
7/22/92,Last Quarter
7/29/92,New Moon
8/5/92,First Quarter
8/13/92,Full Moon
8/21/92,Last Quarter
8/28/92,New Moon
9/3/92,First Quarter
9/12/92,Full Moon
9/19/92,Last Quarter
9/26/92,New Moon
10/3/92,First Quarter
10/11/92,Full Moon
10/19/92,Last Quarter
10/25/92,New Moon
11/2/92,First Quarter
11/10/92,Full Moon
11/17/92,Last Quarter
11/24/92,New Moon
12/2/92,First Quarter
12/9/92,Full Moon
12/16/92,Last Quarter
12/24/92,New Moon
1/1/93,First Quarter
1/8/93,Full Moon
1/15/93,Last Quarter
1/22/93,New Moon
1/30/93,First Quarter
2/6/93,Full Moon
2/13/93,Last Quarter
2/21/93,New Moon
3/1/93,First Quarter
3/8/93,Full Moon
3/15/93,Last Quarter
3/23/93,New Moon
3/31/93,First Quarter
4/6/93,Full Moon
4/13/93,Last Quarter
4/21/93,New Moon
4/29/93,First Quarter
5/6/93,Full Moon
5/13/93,Last Quarter
5/21/93,New Moon
5/28/93,First Quarter
6/4/93,Full Moon
6/12/93,Last Quarter
6/20/93,New Moon
6/26/93,First Quarter
7/3/93,Full Moon
7/11/93,Last Quarter
7/19/93,New Moon
7/26/93,First Quarter
8/2/93,Full Moon
8/10/93,Last Quarter
8/17/93,New Moon
8/24/93,First Quarter
9/1/93,Full Moon
9/9/93,Last Quarter
9/16/93,New Moon
9/22/93,First Quarter
9/30/93,Full Moon
10/8/93,Last Quarter
10/15/93,New Moon
10/22/93,First Quarter
10/30/93,Full Moon
11/7/93,Last Quarter
11/13/93,New Moon
11/21/93,First Quarter
11/29/93,Full Moon
12/6/93,Last Quarter
12/13/93,New Moon
12/20/93,First Quarter
12/28/93,Full Moon
1/5/94,Last Quarter
1/11/94,New Moon
1/19/94,First Quarter
1/27/94,Full Moon
2/3/94,Last Quarter
2/10/94,New Moon
2/18/94,First Quarter
2/26/94,Full Moon
3/4/94,Last Quarter
3/12/94,New Moon
3/20/94,First Quarter
3/27/94,Full Moon
4/3/94,Last Quarter
4/11/94,New Moon
4/19/94,First Quarter
4/25/94,Full Moon
5/2/94,Last Quarter
5/10/94,New Moon
5/18/94,First Quarter
5/25/94,Full Moon
6/1/94,Last Quarter
6/9/94,New Moon
6/16/94,First Quarter
6/23/94,Full Moon
6/30/94,Last Quarter
7/8/94,New Moon
7/16/94,First Quarter
7/22/94,Full Moon
7/30/94,Last Quarter
8/7/94,New Moon
8/14/94,First Quarter
8/21/94,Full Moon
8/29/94,Last Quarter
9/5/94,New Moon
9/12/94,First Quarter
9/19/94,Full Moon
9/28/94,Last Quarter
10/5/94,New Moon
10/11/94,First Quarter
10/19/94,Full Moon
10/27/94,Last Quarter
11/3/94,New Moon
11/10/94,First Quarter
11/18/94,Full Moon
11/26/94,Last Quarter
12/2/94,New Moon
12/9/94,First Quarter
12/18/94,Full Moon
12/25/94,Last Quarter
1/1/95,New Moon
1/8/95,First Quarter
1/16/95,Full Moon
1/24/95,Last Quarter
1/30/95,New Moon
2/7/95,First Quarter
2/15/95,Full Moon
2/22/95,Last Quarter
3/1/95,New Moon
3/9/95,First Quarter
3/17/95,Full Moon
3/23/95,Last Quarter
3/31/95,New Moon
4/8/95,First Quarter
4/15/95,Full Moon
4/22/95,Last Quarter
4/29/95,New Moon
5/7/95,First Quarter
5/14/95,Full Moon
5/21/95,Last Quarter
5/29/95,New Moon
6/6/95,First Quarter
6/13/95,Full Moon
6/19/95,Last Quarter
6/28/95,New Moon
7/5/95,First Quarter
7/12/95,Full Moon
7/19/95,Last Quarter
7/27/95,New Moon
8/4/95,First Quarter
8/10/95,Full Moon
8/18/95,Last Quarter
8/26/95,New Moon
9/2/95,First Quarter
9/9/95,Full Moon
9/16/95,Last Quarter
9/24/95,New Moon
10/1/95,First Quarter
10/8/95,Full Moon
10/16/95,Last Quarter
10/24/95,New Moon
10/30/95,First Quarter
11/7/95,Full Moon
11/15/95,Last Quarter
11/22/95,New Moon
11/29/95,First Quarter
12/7/95,Full Moon
12/15/95,Last Quarter
12/22/95,New Moon
12/28/95,First Quarter
1/5/96,Full Moon
1/13/96,Last Quarter
1/20/96,New Moon
1/27/96,First Quarter
2/4/96,Full Moon
2/12/96,Last Quarter
2/18/96,New Moon
2/26/96,First Quarter
3/5/96,Full Moon
3/12/96,Last Quarter
3/19/96,New Moon
3/27/96,First Quarter
4/4/96,Full Moon
4/10/96,Last Quarter
4/17/96,New Moon
4/25/96,First Quarter
5/3/96,Full Moon
5/10/96,Last Quarter
5/17/96,New Moon
5/25/96,First Quarter
6/1/96,Full Moon
6/8/96,Last Quarter
6/16/96,New Moon
6/24/96,First Quarter
7/1/96,Full Moon
7/7/96,Last Quarter
7/15/96,New Moon
7/23/96,First Quarter
7/30/96,Full Moon
8/6/96,Last Quarter
8/14/96,New Moon
8/22/96,First Quarter
8/28/96,Full Moon
9/4/96,Last Quarter
9/12/96,New Moon
9/20/96,First Quarter
9/27/96,Full Moon
10/4/96,Last Quarter
10/12/96,New Moon
10/19/96,First Quarter
10/26/96,Full Moon
11/3/96,Last Quarter
11/11/96,New Moon
11/18/96,First Quarter
11/25/96,Full Moon
12/3/96,Last Quarter
12/10/96,New Moon
12/17/96,First Quarter
12/24/96,Full Moon
1/2/97,Last Quarter
1/9/97,New Moon
1/15/97,First Quarter
1/23/97,Full Moon
1/31/97,Last Quarter
2/7/97,New Moon
2/14/97,First Quarter
2/22/97,Full Moon
3/2/97,Last Quarter
3/9/97,New Moon
3/16/97,First Quarter
3/24/97,Full Moon
3/31/97,Last Quarter
4/7/97,New Moon
4/14/97,First Quarter
4/22/97,Full Moon
4/30/97,Last Quarter
5/6/97,New Moon
5/14/97,First Quarter
5/22/97,Full Moon
5/29/97,Last Quarter
6/5/97,New Moon
6/13/97,First Quarter
6/20/97,Full Moon
6/27/97,Last Quarter
7/4/97,New Moon
7/12/97,First Quarter
7/20/97,Full Moon
7/26/97,Last Quarter
8/3/97,New Moon
8/11/97,First Quarter
8/18/97,Full Moon
8/25/97,Last Quarter
9/1/97,New Moon
9/10/97,First Quarter
9/16/97,Full Moon
9/23/97,Last Quarter
10/1/97,New Moon
10/9/97,First Quarter
10/16/97,Full Moon
10/23/97,Last Quarter
10/31/97,New Moon
11/7/97,First Quarter
11/14/97,Full Moon
11/21/97,Last Quarter
11/30/97,New Moon
12/7/97,First Quarter
12/14/97,Full Moon
12/21/97,Last Quarter
12/29/97,New Moon
1/5/98,First Quarter
1/12/98,Full Moon
1/20/98,Last Quarter
1/28/98,New Moon
2/3/98,First Quarter
2/11/98,Full Moon
2/19/98,Last Quarter
2/26/98,New Moon
3/5/98,First Quarter
3/13/98,Full Moon
3/21/98,Last Quarter
3/28/98,New Moon
4/3/98,First Quarter
4/11/98,Full Moon
4/19/98,Last Quarter
4/26/98,New Moon
5/3/98,First Quarter
5/11/98,Full Moon
5/19/98,Last Quarter
5/25/98,New Moon
6/2/98,First Quarter
6/10/98,Full Moon
6/17/98,Last Quarter
6/24/98,New Moon
7/1/98,First Quarter
7/9/98,Full Moon
7/16/98,Last Quarter
7/23/98,New Moon
7/31/98,First Quarter
8/8/98,Full Moon
8/14/98,Last Quarter
8/22/98,New Moon
8/30/98,First Quarter
9/6/98,Full Moon
9/13/98,Last Quarter
9/20/98,New Moon
9/28/98,First Quarter
10/5/98,Full Moon
10/12/98,Last Quarter
10/20/98,New Moon
10/28/98,First Quarter
11/4/98,Full Moon
11/11/98,Last Quarter
11/19/98,New Moon
11/27/98,First Quarter
12/3/98,Full Moon
12/10/98,Last Quarter
12/18/98,New Moon
12/26/98,First Quarter
1/2/99,Full Moon
1/9/99,Last Quarter
1/17/99,New Moon
1/24/99,First Quarter
1/31/99,Full Moon
2/8/99,Last Quarter
2/16/99,New Moon
2/23/99,First Quarter
3/2/99,Full Moon
3/10/99,Last Quarter
3/17/99,New Moon
3/24/99,First Quarter
3/31/99,Full Moon
4/9/99,Last Quarter
4/16/99,New Moon
4/22/99,First Quarter
4/30/99,Full Moon
5/8/99,Last Quarter
5/15/99,New Moon
5/22/99,First Quarter
5/30/99,Full Moon
6/7/99,Last Quarter
6/13/99,New Moon
6/20/99,First Quarter
6/28/99,Full Moon
7/6/99,Last Quarter
7/13/99,New Moon
7/20/99,First Quarter
7/28/99,Full Moon
8/4/99,Last Quarter
8/11/99,New Moon
8/19/99,First Quarter
8/26/99,Full Moon
9/2/99,Last Quarter
9/9/99,New Moon
9/17/99,First Quarter
9/25/99,Full Moon
10/2/99,Last Quarter
10/9/99,New Moon
10/17/99,First Quarter
10/24/99,Full Moon
10/31/99,Last Quarter
11/8/99,New Moon
11/16/99,First Quarter
11/23/99,Full Moon
11/29/99,Last Quarter
12/7/99,New Moon
12/16/99,First Quarter
12/22/99,Full Moon
12/29/99,Last Quarter
1/6/00,New Moon
1/14/00,First Quarter
1/21/00,Full Moon
1/28/00,Last Quarter
2/5/00,New Moon
2/12/00,First Quarter
2/19/00,Full Moon
2/27/00,Last Quarter
3/6/00,New Moon
3/13/00,First Quarter
3/20/00,Full Moon
3/28/00,Last Quarter
4/4/00,New Moon
4/11/00,First Quarter
4/18/00,Full Moon
4/26/00,Last Quarter
5/4/00,New Moon
5/10/00,First Quarter
5/18/00,Full Moon
5/26/00,Last Quarter
6/2/00,New Moon
6/9/00,First Quarter
6/16/00,Full Moon
6/25/00,Last Quarter
7/1/00,New Moon
7/8/00,First Quarter
7/16/00,Full Moon
7/24/00,Last Quarter
7/31/00,New Moon
8/7/00,First Quarter
8/15/00,Full Moon
8/22/00,Last Quarter
8/29/00,New Moon
9/5/00,First Quarter
9/13/00,Full Moon
9/21/00,Last Quarter
9/27/00,New Moon
10/5/00,First Quarter
10/13/00,Full Moon
10/20/00,Last Quarter
10/27/00,New Moon
11/4/00,First Quarter
11/11/00,Full Moon
11/18/00,Last Quarter
11/25/00,New Moon
12/4/00,First Quarter
12/11/00,Full Moon
12/18/00,Last Quarter
12/25/00,New Moon
1/2/01,First Quarter
1/9/01,Full Moon
1/16/01,Last Quarter
1/24/01,New Moon
2/1/01,First Quarter
2/8/01,Full Moon
2/15/01,Last Quarter
2/23/01,New Moon
3/3/01,First Quarter
3/9/01,Full Moon
3/16/01,Last Quarter
3/25/01,New Moon
4/1/01,First Quarter
4/8/01,Full Moon
4/15/01,Last Quarter
4/23/01,New Moon
4/30/01,First Quarter
5/7/01,Full Moon
5/15/01,Last Quarter
5/23/01,New Moon
5/29/01,First Quarter
6/6/01,Full Moon
6/14/01,Last Quarter
6/21/01,New Moon
6/28/01,First Quarter
7/5/01,Full Moon
7/13/01,Last Quarter
7/20/01,New Moon
7/27/01,First Quarter
8/4/01,Full Moon
8/12/01,Last Quarter
8/19/01,New Moon
8/25/01,First Quarter
9/2/01,Full Moon
9/10/01,Last Quarter
9/17/01,New Moon
9/24/01,First Quarter
10/2/01,Full Moon
10/10/01,Last Quarter
10/16/01,New Moon
10/24/01,First Quarter
11/1/01,Full Moon
11/8/01,Last Quarter
11/15/01,New Moon
11/22/01,First Quarter
11/30/01,Full Moon
12/7/01,Last Quarter
12/14/01,New Moon
12/22/01,First Quarter
12/30/01,Full Moon
1/6/02,Last Quarter
1/13/02,New Moon
1/21/02,First Quarter
1/28/02,Full Moon
2/4/02,Last Quarter
2/12/02,New Moon
2/20/02,First Quarter
2/27/02,Full Moon
3/6/02,Last Quarter
3/14/02,New Moon
3/22/02,First Quarter
3/28/02,Full Moon
4/4/02,Last Quarter
4/12/02,New Moon
4/20/02,First Quarter
4/27/02,Full Moon
5/4/02,Last Quarter
5/12/02,New Moon
5/19/02,First Quarter
5/26/02,Full Moon
6/3/02,Last Quarter
6/10/02,New Moon
6/18/02,First Quarter
6/24/02,Full Moon
7/2/02,Last Quarter
7/10/02,New Moon
7/17/02,First Quarter
7/24/02,Full Moon
8/1/02,Last Quarter
8/8/02,New Moon
8/15/02,First Quarter
8/22/02,Full Moon
8/31/02,Last Quarter
9/7/02,New Moon
9/13/02,First Quarter
9/21/02,Full Moon
9/29/02,Last Quarter
10/6/02,New Moon
10/13/02,First Quarter
10/21/02,Full Moon
10/29/02,Last Quarter
11/4/02,New Moon
11/11/02,First Quarter
11/20/02,Full Moon
11/27/02,Last Quarter
12/4/02,New Moon
12/11/02,First Quarter
12/19/02,Full Moon
12/27/02,Last Quarter
1/2/03,New Moon
1/10/03,First Quarter
1/18/03,Full Moon
1/25/03,Last Quarter
2/1/03,New Moon
2/9/03,First Quarter
2/16/03,Full Moon
2/23/03,Last Quarter
3/3/03,New Moon
3/11/03,First Quarter
3/18/03,Full Moon
3/25/03,Last Quarter
4/1/03,New Moon
4/9/03,First Quarter
4/16/03,Full Moon
4/23/03,Last Quarter
5/1/03,New Moon
5/9/03,First Quarter
5/16/03,Full Moon
5/23/03,Last Quarter
5/31/03,New Moon
6/7/03,First Quarter
6/14/03,Full Moon
6/21/03,Last Quarter
6/29/03,New Moon
7/7/03,First Quarter
7/13/03,Full Moon
7/21/03,Last Quarter
7/29/03,New Moon
8/5/03,First Quarter
8/12/03,Full Moon
8/20/03,Last Quarter
8/27/03,New Moon
9/3/03,First Quarter
9/10/03,Full Moon
9/18/03,Last Quarter
9/26/03,New Moon
10/2/03,First Quarter
10/10/03,Full Moon
10/18/03,Last Quarter
10/25/03,New Moon
11/1/03,First Quarter
11/9/03,Full Moon
11/17/03,Last Quarter
11/23/03,New Moon
11/30/03,First Quarter
12/8/03,Full Moon
12/16/03,Last Quarter
12/23/03,New Moon
12/30/03,First Quarter
1/7/04,Full Moon
1/15/04,Last Quarter
1/21/04,New Moon
1/29/04,First Quarter
2/6/04,Full Moon
2/13/04,Last Quarter
2/20/04,New Moon
2/28/04,First Quarter
3/6/04,Full Moon
3/13/04,Last Quarter
3/20/04,New Moon
3/28/04,First Quarter
4/5/04,Full Moon
4/12/04,Last Quarter
4/19/04,New Moon
4/27/04,First Quarter
5/4/04,Full Moon
5/11/04,Last Quarter
5/19/04,New Moon
5/27/04,First Quarter
6/3/04,Full Moon
6/9/04,Last Quarter
6/17/04,New Moon
6/25/04,First Quarter
7/2/04,Full Moon
7/9/04,Last Quarter
7/17/04,New Moon
7/25/04,First Quarter
7/31/04,Full Moon
8/7/04,Last Quarter
8/16/04,New Moon
8/23/04,First Quarter
8/30/04,Full Moon
9/6/04,Last Quarter
9/14/04,New Moon
9/21/04,First Quarter
9/28/04,Full Moon
10/6/04,Last Quarter
10/14/04,New Moon
10/20/04,First Quarter
10/28/04,Full Moon
11/5/04,Last Quarter
11/12/04,New Moon
11/19/04,First Quarter
11/26/04,Full Moon
12/5/04,Last Quarter
12/12/04,New Moon
12/18/04,First Quarter
12/26/04,Full Moon
1/3/05,Last Quarter
1/10/05,New Moon
1/17/05,First Quarter
1/25/05,Full Moon
2/2/05,Last Quarter
2/8/05,New Moon
2/16/05,First Quarter
2/24/05,Full Moon
3/3/05,Last Quarter
3/10/05,New Moon
3/17/05,First Quarter
3/25/05,Full Moon
4/2/05,Last Quarter
4/8/05,New Moon
4/16/05,First Quarter
4/24/05,Full Moon
5/1/05,Last Quarter
5/8/05,New Moon
5/16/05,First Quarter
5/23/05,Full Moon
5/30/05,Last Quarter
6/6/05,New Moon
6/15/05,First Quarter
6/22/05,Full Moon
6/28/05,Last Quarter
7/6/05,New Moon
7/14/05,First Quarter
7/21/05,Full Moon
7/28/05,Last Quarter
8/5/05,New Moon
8/13/05,First Quarter
8/19/05,Full Moon
8/26/05,Last Quarter
9/3/05,New Moon
9/11/05,First Quarter
9/18/05,Full Moon
9/25/05,Last Quarter
10/3/05,New Moon
10/10/05,First Quarter
10/17/05,Full Moon
10/25/05,Last Quarter
11/2/05,New Moon
11/9/05,First Quarter
11/16/05,Full Moon
11/23/05,Last Quarter
12/1/05,New Moon
12/8/05,First Quarter
12/15/05,Full Moon
12/23/05,Last Quarter
12/31/05,New Moon
1/6/06,First Quarter
1/14/06,Full Moon
1/22/06,Last Quarter
1/29/06,New Moon
2/5/06,First Quarter
2/13/06,Full Moon
2/21/06,Last Quarter
2/28/06,New Moon
3/6/06,First Quarter
3/14/06,Full Moon
3/22/06,Last Quarter
3/29/06,New Moon
4/5/06,First Quarter
4/13/06,Full Moon
4/21/06,Last Quarter
4/27/06,New Moon
5/5/06,First Quarter
5/13/06,Full Moon
5/20/06,Last Quarter
5/27/06,New Moon
6/3/06,First Quarter
6/11/06,Full Moon
6/18/06,Last Quarter
6/25/06,New Moon
7/3/06,First Quarter
7/11/06,Full Moon
7/17/06,Last Quarter
7/25/06,New Moon
8/2/06,First Quarter
8/9/06,Full Moon
8/16/06,Last Quarter
8/23/06,New Moon
8/31/06,First Quarter
9/7/06,Full Moon
9/14/06,Last Quarter
9/22/06,New Moon
9/30/06,First Quarter
10/7/06,Full Moon
10/14/06,Last Quarter
10/22/06,New Moon
10/29/06,First Quarter
11/5/06,Full Moon
11/12/06,Last Quarter
11/20/06,New Moon
11/28/06,First Quarter
12/5/06,Full Moon
12/12/06,Last Quarter
12/20/06,New Moon
12/27/06,First Quarter
1/3/07,Full Moon
1/11/07,Last Quarter
1/19/07,New Moon
1/25/07,First Quarter
2/2/07,Full Moon
2/10/07,Last Quarter
2/17/07,New Moon
2/24/07,First Quarter
3/3/07,Full Moon
3/12/07,Last Quarter
3/19/07,New Moon
3/25/07,First Quarter
4/2/07,Full Moon
4/10/07,Last Quarter
4/17/07,New Moon
4/24/07,First Quarter
5/2/07,Full Moon
5/10/07,Last Quarter
5/16/07,New Moon
5/23/07,First Quarter
6/1/07,Full Moon
6/8/07,Last Quarter
6/15/07,New Moon
6/22/07,First Quarter
6/30/07,Full Moon
7/7/07,Last Quarter
7/14/07,New Moon
7/22/07,First Quarter
7/30/07,Full Moon
8/5/07,Last Quarter
8/12/07,New Moon
8/20/07,First Quarter
8/28/07,Full Moon
9/4/07,Last Quarter
9/11/07,New Moon
9/19/07,First Quarter
9/26/07,Full Moon
10/3/07,Last Quarter
10/11/07,New Moon
10/19/07,First Quarter
10/26/07,Full Moon
11/1/07,Last Quarter
11/9/07,New Moon
11/17/07,First Quarter
11/24/07,Full Moon
12/1/07,Last Quarter
12/9/07,New Moon
12/17/07,First Quarter
12/24/07,Full Moon
12/31/07,Last Quarter
1/8/08,New Moon
1/15/08,First Quarter
1/22/08,Full Moon
1/30/08,Last Quarter
2/7/08,New Moon
2/14/08,First Quarter
2/21/08,Full Moon
2/29/08,Last Quarter
3/7/08,New Moon
3/14/08,First Quarter
3/21/08,Full Moon
3/29/08,Last Quarter
4/6/08,New Moon
4/12/08,First Quarter
4/20/08,Full Moon
4/28/08,Last Quarter
5/5/08,New Moon
5/12/08,First Quarter
5/20/08,Full Moon
5/28/08,Last Quarter
6/3/08,New Moon
6/10/08,First Quarter
6/18/08,Full Moon
6/26/08,Last Quarter
7/3/08,New Moon
7/10/08,First Quarter
7/18/08,Full Moon
7/25/08,Last Quarter
8/1/08,New Moon
8/8/08,First Quarter
8/16/08,Full Moon
8/23/08,Last Quarter
8/30/08,New Moon
9/7/08,First Quarter
9/15/08,Full Moon
9/22/08,Last Quarter
9/29/08,New Moon
10/7/08,First Quarter
10/14/08,Full Moon
10/21/08,Last Quarter
10/28/08,New Moon
11/6/08,First Quarter
11/13/08,Full Moon
11/19/08,Last Quarter
11/27/08,New Moon
12/5/08,First Quarter
12/12/08,Full Moon
12/19/08,Last Quarter
12/27/08,New Moon
1/4/09,First Quarter
1/11/09,Full Moon
1/18/09,Last Quarter
1/26/09,New Moon
2/2/09,First Quarter
2/9/09,Full Moon
2/16/09,Last Quarter
2/25/09,New Moon
3/4/09,First Quarter
3/11/09,Full Moon
3/18/09,Last Quarter
3/26/09,New Moon
4/2/09,First Quarter
4/9/09,Full Moon
4/17/09,Last Quarter
4/25/09,New Moon
5/1/09,First Quarter
5/9/09,Full Moon
5/17/09,Last Quarter
5/24/09,New Moon
5/31/09,First Quarter
6/7/09,Full Moon
6/15/09,Last Quarter
6/22/09,New Moon
6/29/09,First Quarter
7/7/09,Full Moon
7/15/09,Last Quarter
7/22/09,New Moon
7/28/09,First Quarter
8/6/09,Full Moon
8/13/09,Last Quarter
8/20/09,New Moon
8/27/09,First Quarter
9/4/09,Full Moon
9/12/09,Last Quarter
9/18/09,New Moon
9/26/09,First Quarter
10/4/09,Full Moon
10/11/09,Last Quarter
10/18/09,New Moon
10/26/09,First Quarter
11/2/09,Full Moon
11/9/09,Last Quarter
11/16/09,New Moon
11/24/09,First Quarter
12/2/09,Full Moon
12/9/09,Last Quarter
12/16/09,New Moon
12/24/09,First Quarter
12/31/09,Full Moon
1/7/10,Last Quarter
1/15/10,New Moon
1/23/10,First Quarter
1/30/10,Full Moon
2/5/10,Last Quarter
2/14/10,New Moon
2/22/10,First Quarter
2/28/10,Full Moon
3/7/10,Last Quarter
3/15/10,New Moon
3/23/10,First Quarter
3/30/10,Full Moon
4/6/10,Last Quarter
4/14/10,New Moon
4/21/10,First Quarter
4/28/10,Full Moon
5/6/10,Last Quarter
5/14/10,New Moon
5/20/10,First Quarter
5/27/10,Full Moon
6/4/10,Last Quarter
6/12/10,New Moon
6/19/10,First Quarter
6/26/10,Full Moon
7/4/10,Last Quarter
7/11/10,New Moon
7/18/10,First Quarter
7/26/10,Full Moon
8/3/10,Last Quarter
8/10/10,New Moon
8/16/10,First Quarter
8/24/10,Full Moon
9/1/10,Last Quarter
9/8/10,New Moon
9/15/10,First Quarter
9/23/10,Full Moon
10/1/10,Last Quarter
10/7/10,New Moon
10/14/10,First Quarter
10/23/10,Full Moon
10/30/10,Last Quarter
11/6/10,New Moon
11/13/10,First Quarter
11/21/10,Full Moon
11/28/10,Last Quarter
12/5/10,New Moon
12/13/10,First Quarter
12/21/10,Full Moon
12/28/10,Last Quarter
1/4/11,New Moon
1/12/11,First Quarter
1/19/11,Full Moon
1/26/11,Last Quarter
2/3/11,New Moon
2/11/11,First Quarter
2/18/11,Full Moon
2/24/11,Last Quarter
3/4/11,New Moon
3/12/11,First Quarter
3/19/11,Full Moon
3/26/11,Last Quarter
4/3/11,New Moon
4/11/11,First Quarter
4/18/11,Full Moon
4/25/11,Last Quarter
5/3/11,New Moon
5/10/11,First Quarter
5/17/11,Full Moon
5/24/11,Last Quarter
6/1/11,New Moon
6/9/11,First Quarter
6/15/11,Full Moon
6/23/11,Last Quarter
7/1/11,New Moon
7/8/11,First Quarter
7/15/11,Full Moon
7/23/11,Last Quarter
7/30/11,New Moon
8/6/11,First Quarter
8/13/11,Full Moon
8/21/11,Last Quarter
8/29/11,New Moon
9/4/11,First Quarter
9/12/11,Full Moon
9/20/11,Last Quarter
9/27/11,New Moon
10/4/11,First Quarter
10/12/11,Full Moon
10/20/11,Last Quarter
10/26/11,New Moon
11/2/11,First Quarter
11/10/11,Full Moon
11/18/11,Last Quarter
11/25/11,New Moon
12/2/11,First Quarter
12/10/11,Full Moon
12/18/11,Last Quarter
12/24/11,New Moon
1/1/12,First Quarter
1/9/12,Full Moon
1/16/12,Last Quarter
1/23/12,New Moon
1/31/12,First Quarter
2/7/12,Full Moon
2/14/12,Last Quarter
2/21/12,New Moon
3/1/12,First Quarter
3/8/12,Full Moon
3/15/12,Last Quarter
3/22/12,New Moon
3/30/12,First Quarter
4/6/12,Full Moon
4/13/12,Last Quarter
4/21/12,New Moon
4/29/12,First Quarter
5/6/12,Full Moon
5/12/12,Last Quarter
5/20/12,New Moon
5/28/12,First Quarter
6/4/12,Full Moon
6/11/12,Last Quarter
6/19/12,New Moon
6/27/12,First Quarter
7/3/12,Full Moon
7/11/12,Last Quarter
7/19/12,New Moon
7/26/12,First Quarter
8/2/12,Full Moon
8/9/12,Last Quarter
8/17/12,New Moon
8/24/12,First Quarter
8/31/12,Full Moon
9/8/12,Last Quarter
9/16/12,New Moon
9/22/12,First Quarter
9/30/12,Full Moon
10/8/12,Last Quarter
10/15/12,New Moon
10/22/12,First Quarter
10/29/12,Full Moon
11/7/12,Last Quarter
11/13/12,New Moon
11/20/12,First Quarter
11/28/12,Full Moon
12/6/12,Last Quarter
12/13/12,New Moon
12/20/12,First Quarter
12/28/12,Full Moon
1/5/13,Last Quarter
1/11/13,New Moon
1/18/13,First Quarter
1/27/13,Full Moon
2/3/13,Last Quarter
2/10/13,New Moon
2/17/13,First Quarter
2/25/13,Full Moon
3/4/13,Last Quarter
3/11/13,New Moon
3/19/13,First Quarter
3/27/13,Full Moon
4/3/13,Last Quarter
4/10/13,New Moon
4/18/13,First Quarter
4/25/13,Full Moon
5/2/13,Last Quarter
5/10/13,New Moon
5/18/13,First Quarter
5/25/13,Full Moon
5/31/13,Last Quarter
6/8/13,New Moon
6/16/13,First Quarter
6/23/13,Full Moon
6/30/13,Last Quarter
7/8/13,New Moon
7/16/13,First Quarter
7/22/13,Full Moon
7/29/13,Last Quarter
8/6/13,New Moon
8/14/13,First Quarter
8/21/13,Full Moon
8/28/13,Last Quarter
9/5/13,New Moon
9/12/13,First Quarter
9/19/13,Full Moon
9/27/13,Last Quarter
10/5/13,New Moon
10/11/13,First Quarter
10/18/13,Full Moon
10/26/13,Last Quarter
11/3/13,New Moon
11/10/13,First Quarter
11/17/13,Full Moon
11/25/13,Last Quarter
12/3/13,New Moon
12/9/13,First Quarter
12/17/13,Full Moon
12/25/13,Last Quarter
1/1/14,New Moon
1/8/14,First Quarter
1/16/14,Full Moon
1/24/14,Last Quarter
1/30/14,New Moon
2/6/14,First Quarter
2/14/14,Full Moon
2/22/14,Last Quarter
3/1/14,New Moon
3/8/14,First Quarter
3/16/14,Full Moon
3/24/14,Last Quarter
3/30/14,New Moon
4/7/14,First Quarter
4/15/14,Full Moon
4/22/14,Last Quarter
4/29/14,New Moon
5/7/14,First Quarter
5/14/14,Full Moon
5/21/14,Last Quarter
5/28/14,New Moon
6/5/14,First Quarter
6/13/14,Full Moon
6/19/14,Last Quarter
6/27/14,New Moon
7/5/14,First Quarter
7/12/14,Full Moon
7/19/14,Last Quarter
7/26/14,New Moon
8/4/14,First Quarter
8/10/14,Full Moon
8/17/14,Last Quarter
8/25/14,New Moon
9/2/14,First Quarter
9/9/14,Full Moon
9/16/14,Last Quarter
9/24/14,New Moon
10/1/14,First Quarter
10/8/14,Full Moon
10/15/14,Last Quarter
10/23/14,New Moon
10/31/14,First Quarter
11/6/14,Full Moon
11/14/14,Last Quarter
11/22/14,New Moon
11/29/14,First Quarter
12/6/14,Full Moon
12/14/14,Last Quarter
12/22/14,New Moon
12/28/14,First Quarter
1/5/15,Full Moon
1/13/15,Last Quarter
1/20/15,New Moon
1/27/15,First Quarter
2/3/15,Full Moon
2/12/15,Last Quarter
2/18/15,New Moon
2/25/15,First Quarter
3/5/15,Full Moon
3/13/15,Last Quarter
3/20/15,New Moon
3/27/15,First Quarter
4/4/15,Full Moon
4/12/15,Last Quarter
4/18/15,New Moon
4/25/15,First Quarter
5/4/15,Full Moon
5/11/15,Last Quarter
5/18/15,New Moon
5/25/15,First Quarter
6/2/15,Full Moon
6/9/15,Last Quarter
6/16/15,New Moon
6/24/15,First Quarter
7/2/15,Full Moon
7/8/15,Last Quarter
7/16/15,New Moon
7/24/15,First Quarter
7/31/15,Full Moon
8/7/15,Last Quarter
8/14/15,New Moon
8/22/15,First Quarter
8/29/15,Full Moon
9/5/15,Last Quarter
9/13/15,New Moon
9/21/15,First Quarter
9/28/15,Full Moon
10/4/15,Last Quarter
10/13/15,New Moon
10/20/15,First Quarter
10/27/15,Full Moon
11/3/15,Last Quarter
11/11/15,New Moon
11/19/15,First Quarter
11/25/15,Full Moon
12/3/15,Last Quarter
12/11/15,New Moon
12/18/15,First Quarter
12/25/15,Full Moon
1/2/16,Last Quarter
1/10/16,New Moon
1/16/16,First Quarter
1/24/16,Full Moon
2/1/16,Last Quarter
2/8/16,New Moon
2/15/16,First Quarter
2/22/16,Full Moon
3/1/16,Last Quarter
3/9/16,New Moon
3/15/16,First Quarter
3/23/16,Full Moon
3/31/16,Last Quarter
4/7/16,New Moon
4/14/16,First Quarter
4/22/16,Full Moon
4/30/16,Last Quarter
5/6/16,New Moon
5/13/16,First Quarter
5/21/16,Full Moon
5/29/16,Last Quarter
6/5/16,New Moon
6/12/16,First Quarter
6/20/16,Full Moon
6/27/16,Last Quarter
7/4/16,New Moon
7/12/16,First Quarter
7/19/16,Full Moon
7/26/16,Last Quarter
8/2/16,New Moon
8/10/16,First Quarter
8/18/16,Full Moon
8/25/16,Last Quarter
9/1/16,New Moon
9/9/16,First Quarter
9/16/16,Full Moon
9/23/16,Last Quarter
10/1/16,New Moon
10/9/16,First Quarter
10/16/16,Full Moon
10/22/16,Last Quarter
10/30/16,New Moon
11/7/16,First Quarter
11/14/16,Full Moon
11/21/16,Last Quarter
11/29/16,New Moon
12/7/16,First Quarter
12/14/16,Full Moon
12/21/16,Last Quarter
12/29/16,New Moon
1/5/17,First Quarter
1/12/17,Full Moon
1/19/17,Last Quarter
1/28/17,New Moon
2/4/17,First Quarter
2/11/17,Full Moon
2/18/17,Last Quarter
2/26/17,New Moon
3/5/17,First Quarter
3/12/17,Full Moon
3/20/17,Last Quarter
3/28/17,New Moon
4/3/17,First Quarter
4/11/17,Full Moon
4/19/17,Last Quarter
4/26/17,New Moon
5/3/17,First Quarter
5/10/17,Full Moon
5/19/17,Last Quarter
5/25/17,New Moon
6/1/17,First Quarter
6/9/17,Full Moon
6/17/17,Last Quarter
6/24/17,New Moon
7/1/17,First Quarter
7/9/17,Full Moon
7/16/17,Last Quarter
7/23/17,New Moon
7/30/17,First Quarter
8/7/17,Full Moon
8/15/17,Last Quarter
8/21/17,New Moon
8/29/17,First Quarter
9/6/17,Full Moon
9/13/17,Last Quarter
9/20/17,New Moon
9/28/17,First Quarter
10/5/17,Full Moon
10/12/17,Last Quarter
10/19/17,New Moon
10/27/17,First Quarter
11/4/17,Full Moon
11/10/17,Last Quarter
11/18/17,New Moon
11/26/17,First Quarter
12/3/17,Full Moon
12/10/17,Last Quarter
12/18/17,New Moon
12/26/17,First Quarter
1/2/18,Full Moon
1/8/18,Last Quarter
1/17/18,New Moon
1/24/18,First Quarter
1/31/18,Full Moon
2/7/18,Last Quarter
2/15/18,New Moon
2/23/18,First Quarter
3/2/18,Full Moon
3/9/18,Last Quarter
3/17/18,New Moon
3/24/18,First Quarter
3/31/18,Full Moon
4/8/18,Last Quarter
4/16/18,New Moon
4/22/18,First Quarter
4/30/18,Full Moon
5/8/18,Last Quarter
5/15/18,New Moon
5/22/18,First Quarter
5/29/18,Full Moon
6/6/18,Last Quarter
6/13/18,New Moon
6/20/18,First Quarter
6/28/18,Full Moon
7/6/18,Last Quarter
7/13/18,New Moon
7/19/18,First Quarter
7/27/18,Full Moon
8/4/18,Last Quarter
8/11/18,New Moon
8/18/18,First Quarter
8/26/18,Full Moon
9/3/18,Last Quarter
9/9/18,New Moon
9/16/18,First Quarter
9/25/18,Full Moon
10/2/18,Last Quarter
10/9/18,New Moon
10/16/18,First Quarter
10/24/18,Full Moon
10/31/18,Last Quarter
11/7/18,New Moon
11/15/18,First Quarter
11/23/18,Full Moon
11/30/18,Last Quarter
12/7/18,New Moon
12/15/18,First Quarter
12/22/18,Full Moon
12/29/18,Last Quarter
1/6/19,New Moon
1/14/19,First Quarter
1/21/19,Full Moon
1/27/19,Last Quarter
2/4/19,New Moon
2/12/19,First Quarter
2/19/19,Full Moon
2/26/19,Last Quarter
3/6/19,New Moon
3/14/19,First Quarter
3/21/19,Full Moon
3/28/19,Last Quarter
4/5/19,New Moon
4/12/19,First Quarter
4/19/19,Full Moon
4/26/19,Last Quarter
5/4/19,New Moon
5/12/19,First Quarter
5/18/19,Full Moon
5/26/19,Last Quarter
6/3/19,New Moon
6/10/19,First Quarter
6/17/19,Full Moon
6/25/19,Last Quarter
7/2/19,New Moon
7/9/19,First Quarter
7/16/19,Full Moon
7/25/19,Last Quarter
8/1/19,New Moon
8/7/19,First Quarter
8/15/19,Full Moon
8/23/19,Last Quarter
8/30/19,New Moon
9/6/19,First Quarter
9/14/19,Full Moon
9/22/19,Last Quarter
9/28/19,New Moon
10/5/19,First Quarter
10/13/19,Full Moon
10/21/19,Last Quarter
10/28/19,New Moon
11/4/19,First Quarter
11/12/19,Full Moon
11/19/19,Last Quarter
11/26/19,New Moon
12/4/19,First Quarter
12/12/19,Full Moon
12/19/19,Last Quarter
12/26/19,New Moon
1/3/20,First Quarter
1/10/20,Full Moon
1/17/20,Last Quarter
1/24/20,New Moon
2/2/20,First Quarter
2/9/20,Full Moon
2/15/20,Last Quarter
2/23/20,New Moon
3/2/20,First Quarter
3/9/20,Full Moon
3/16/20,Last Quarter
3/24/20,New Moon
4/1/20,First Quarter
4/8/20,Full Moon
4/14/20,Last Quarter
4/23/20,New Moon
4/30/20,First Quarter
5/7/20,Full Moon
5/14/20,Last Quarter
5/22/20,New Moon
5/30/20,First Quarter
6/5/20,Full Moon
6/13/20,Last Quarter
6/21/20,New Moon
6/28/20,First Quarter
7/5/20,Full Moon
7/12/20,Last Quarter
7/20/20,New Moon
7/27/20,First Quarter
8/3/20,Full Moon
8/11/20,Last Quarter
8/19/20,New Moon
8/25/20,First Quarter
9/2/20,Full Moon
9/10/20,Last Quarter
9/17/20,New Moon
9/24/20,First Quarter
10/1/20,Full Moon
10/10/20,Last Quarter
10/16/20,New Moon
10/23/20,First Quarter
10/31/20,Full Moon
11/8/20,Last Quarter
11/15/20,New Moon
11/22/20,First Quarter
11/30/20,Full Moon
12/8/20,Last Quarter
12/14/20,New Moon
12/21/20,First Quarter
12/30/20,Full Moon
1/6/21,Last Quarter
1/13/21,New Moon
1/20/21,First Quarter
1/28/21,Full Moon
2/4/21,Last Quarter
2/11/21,New Moon
2/19/21,First Quarter
2/27/21,Full Moon
3/6/21,Last Quarter
3/13/21,New Moon
3/21/21,First Quarter
3/28/21,Full Moon
4/4/21,Last Quarter
4/12/21,New Moon
4/20/21,First Quarter
4/27/21,Full Moon
5/3/21,Last Quarter
5/11/21,New Moon
5/19/21,First Quarter
5/26/21,Full Moon
6/2/21,Last Quarter
6/10/21,New Moon
6/18/21,First Quarter
6/24/21,Full Moon
7/1/21,Last Quarter
7/10/21,New Moon
7/17/21,First Quarter
7/24/21,Full Moon
7/31/21,Last Quarter
8/8/21,New Moon
8/15/21,First Quarter
8/22/21,Full Moon
8/30/21,Last Quarter
9/7/21,New Moon
9/13/21,First Quarter
9/20/21,Full Moon
9/29/21,Last Quarter
10/6/21,New Moon
10/13/21,First Quarter
10/20/21,Full Moon
10/28/21,Last Quarter
11/4/21,New Moon
11/11/21,First Quarter
11/19/21,Full Moon
11/27/21,Last Quarter
12/4/21,New Moon
12/11/21,First Quarter
12/19/21,Full Moon
12/27/21,Last Quarter
1/2/22,New Moon
1/9/22,First Quarter
1/17/22,Full Moon
1/25/22,Last Quarter
2/1/22,New Moon
2/8/22,First Quarter
2/16/22,Full Moon
2/23/22,Last Quarter
3/2/22,New Moon
3/10/22,First Quarter
3/18/22,Full Moon
3/25/22,Last Quarter
4/1/22,New Moon
4/9/22,First Quarter
4/16/22,Full Moon
4/23/22,Last Quarter
4/30/22,New Moon
5/9/22,First Quarter
5/16/22,Full Moon
5/22/22,Last Quarter
5/30/22,New Moon
6/7/22,First Quarter
6/14/22,Full Moon
6/21/22,Last Quarter
6/29/22,New Moon
7/7/22,First Quarter
7/13/22,Full Moon
7/20/22,Last Quarter
7/28/22,New Moon
8/5/22,First Quarter
8/12/22,Full Moon
8/19/22,Last Quarter
8/27/22,New Moon
9/3/22,First Quarter
9/10/22,Full Moon
9/17/22,Last Quarter
9/25/22,New Moon
10/3/22,First Quarter
10/9/22,Full Moon
10/17/22,Last Quarter
10/25/22,New Moon
11/1/22,First Quarter
11/8/22,Full Moon
11/16/22,Last Quarter
11/23/22,New Moon
11/30/22,First Quarter
12/8/22,Full Moon
12/16/22,Last Quarter
12/23/22,New Moon
12/30/22,First Quarter
1/6/23,Full Moon
1/15/23,Last Quarter
1/21/23,New Moon
1/28/23,First Quarter
2/5/23,Full Moon
2/13/23,Last Quarter
2/20/23,New Moon
2/27/23,First Quarter
3/7/23,Full Moon
3/15/23,Last Quarter
3/21/23,New Moon
3/29/23,First Quarter
4/6/23,Full Moon
4/13/23,Last Quarter
4/20/23,New Moon
4/27/23,First Quarter
5/5/23,Full Moon
5/12/23,Last Quarter
5/19/23,New Moon
5/27/23,First Quarter
6/4/23,Full Moon
6/10/23,Last Quarter
6/18/23,New Moon
6/26/23,First Quarter
7/3/23,Full Moon
7/10/23,Last Quarter
7/17/23,New Moon
7/25/23,First Quarter
8/1/23,Full Moon
8/8/23,Last Quarter
8/16/23,New Moon
8/24/23,First Quarter
8/31/23,Full Moon
9/6/23,Last Quarter
9/15/23,New Moon
9/22/23,First Quarter
9/29/23,Full Moon
10/6/23,Last Quarter
10/14/23,New Moon
10/22/23,First Quarter
10/28/23,Full Moon
11/5/23,Last Quarter
11/13/23,New Moon
11/20/23,First Quarter
11/27/23,Full Moon
12/5/23,Last Quarter
12/12/23,New Moon
12/19/23,First Quarter
12/27/23,Full Moon
1/4/24,Last Quarter
1/11/24,New Moon
1/18/24,First Quarter
1/25/24,Full Moon
2/2/24,Last Quarter
2/9/24,New Moon
2/16/24,First Quarter
2/24/24,Full Moon
3/3/24,Last Quarter
3/10/24,New Moon
3/17/24,First Quarter
3/25/24,Full Moon
4/2/24,Last Quarter
4/8/24,New Moon
4/15/24,First Quarter
4/23/24,Full Moon
5/1/24,Last Quarter
5/8/24,New Moon
5/15/24,First Quarter
5/23/24,Full Moon
5/30/24,Last Quarter
6/6/24,New Moon
6/14/24,First Quarter
6/22/24,Full Moon
6/28/24,Last Quarter
7/5/24,New Moon
7/13/24,First Quarter
7/21/24,Full Moon
7/28/24,Last Quarter
8/4/24,New Moon
8/12/24,First Quarter
8/19/24,Full Moon
8/26/24,Last Quarter
9/3/24,New Moon
9/11/24,First Quarter
9/18/24,Full Moon
9/24/24,Last Quarter
10/2/24,New Moon
10/10/24,First Quarter
10/17/24,Full Moon
10/24/24,Last Quarter
11/1/24,New Moon
11/9/24,First Quarter
11/15/24,Full Moon
11/23/24,Last Quarter
12/1/24,New Moon
12/8/24,First Quarter
12/15/24,Full Moon
12/22/24,Last Quarter
12/30/24,New Moon
1/6/25,First Quarter
1/13/25,Full Moon
1/21/25,Last Quarter
1/29/25,New Moon
2/5/25,First Quarter
2/12/25,Full Moon
2/20/25,Last Quarter
2/28/25,New Moon
3/6/25,First Quarter
3/14/25,Full Moon
3/22/25,Last Quarter
3/29/25,New Moon
4/5/25,First Quarter
4/13/25,Full Moon
4/21/25,Last Quarter
4/27/25,New Moon
5/4/25,First Quarter
5/12/25,Full Moon
5/20/25,Last Quarter
5/27/25,New Moon
6/3/25,First Quarter
6/11/25,Full Moon
6/18/25,Last Quarter
6/25/25,New Moon
7/2/25,First Quarter
7/10/25,Full Moon
7/18/25,Last Quarter
7/24/25,New Moon
8/1/25,First Quarter
8/9/25,Full Moon
8/16/25,Last Quarter
8/23/25,New Moon
8/31/25,First Quarter
9/7/25,Full Moon
9/14/25,Last Quarter
9/21/25,New Moon
9/29/25,First Quarter
10/7/25,Full Moon
10/13/25,Last Quarter
10/21/25,New Moon
10/29/25,First Quarter
11/5/25,Full Moon
11/12/25,Last Quarter
11/20/25,New Moon
11/28/25,First Quarter
12/4/25,Full Moon
12/11/25,Last Quarter
12/20/25,New Moon
12/27/25,First Quarter
1/3/26,Full Moon
1/10/26,Last Quarter
1/18/26,New Moon
1/26/26,First Quarter
2/1/26,Full Moon
2/9/26,Last Quarter
2/17/26,New Moon
2/24/26,First Quarter
3/3/26,Full Moon
3/11/26,Last Quarter
3/19/26,New Moon
3/25/26,First Quarter
4/2/26,Full Moon
4/10/26,Last Quarter
4/17/26,New Moon
4/24/26,First Quarter
5/1/26,Full Moon
5/9/26,Last Quarter
5/16/26,New Moon
5/23/26,First Quarter
5/31/26,Full Moon
6/8/26,Last Quarter
6/15/26,New Moon
6/21/26,First Quarter
6/29/26,Full Moon
7/7/26,Last Quarter
7/14/26,New Moon
7/21/26,First Quarter
7/29/26,Full Moon
8/6/26,Last Quarter
8/12/26,New Moon
8/20/26,First Quarter
8/28/26,Full Moon
9/4/26,Last Quarter
9/11/26,New Moon
9/18/26,First Quarter
9/26/26,Full Moon
10/3/26,Last Quarter
10/10/26,New Moon
10/18/26,First Quarter
10/26/26,Full Moon
11/1/26,Last Quarter
11/9/26,New Moon
11/17/26,First Quarter
11/24/26,Full Moon
12/1/26,Last Quarter
12/9/26,New Moon
12/17/26,First Quarter
12/24/26,Full Moon
12/30/26,Last Quarter
1/7/27,New Moon
1/15/27,First Quarter
1/22/27,Full Moon
1/29/27,Last Quarter
2/6/27,New Moon
2/14/27,First Quarter
2/20/27,Full Moon
2/28/27,Last Quarter
3/8/27,New Moon
3/15/27,First Quarter
3/22/27,Full Moon
3/30/27,Last Quarter
4/6/27,New Moon
4/13/27,First Quarter
4/20/27,Full Moon
4/28/27,Last Quarter
5/6/27,New Moon
5/13/27,First Quarter
5/20/27,Full Moon
5/28/27,Last Quarter
6/4/27,New Moon
6/11/27,First Quarter
6/19/27,Full Moon
6/27/27,Last Quarter
7/4/27,New Moon
7/10/27,First Quarter
7/18/27,Full Moon
7/26/27,Last Quarter
8/2/27,New Moon
8/9/27,First Quarter
8/17/27,Full Moon
8/25/27,Last Quarter
8/31/27,New Moon
9/7/27,First Quarter
9/15/27,Full Moon
9/23/27,Last Quarter
9/30/27,New Moon
10/7/27,First Quarter
10/15/27,Full Moon
10/22/27,Last Quarter
10/29/27,New Moon
11/6/27,First Quarter
11/14/27,Full Moon
11/21/27,Last Quarter
11/28/27,New Moon
12/6/27,First Quarter
12/13/27,Full Moon
12/20/27,Last Quarter
12/27/27,New Moon
1/5/28,First Quarter
1/12/28,Full Moon
1/18/28,Last Quarter
1/26/28,New Moon
2/3/28,First Quarter
2/10/28,Full Moon
2/17/28,Last Quarter
2/25/28,New Moon
3/4/28,First Quarter
3/11/28,Full Moon
3/17/28,Last Quarter
3/26/28,New Moon
4/2/28,First Quarter
4/9/28,Full Moon
4/16/28,Last Quarter
4/24/28,New Moon
5/2/28,First Quarter
5/8/28,Full Moon
5/16/28,Last Quarter
5/24/28,New Moon
5/31/28,First Quarter
6/7/28,Full Moon
6/15/28,Last Quarter
6/22/28,New Moon
6/29/28,First Quarter
7/6/28,Full Moon
7/14/28,Last Quarter
7/22/28,New Moon
7/28/28,First Quarter
8/5/28,Full Moon
8/13/28,Last Quarter
8/20/28,New Moon
8/27/28,First Quarter
9/3/28,Full Moon
9/12/28,Last Quarter
9/18/28,New Moon
9/25/28,First Quarter
10/3/28,Full Moon
10/11/28,Last Quarter
10/18/28,New Moon
10/25/28,First Quarter
11/2/28,Full Moon
11/9/28,Last Quarter
11/16/28,New Moon
11/24/28,First Quarter
12/2/28,Full Moon
12/9/28,Last Quarter
12/16/28,New Moon
12/23/28,First Quarter
12/31/28,Full Moon
1/7/29,Last Quarter
1/14/29,New Moon
1/22/29,First Quarter
1/30/29,Full Moon
2/5/29,Last Quarter
2/13/29,New Moon
2/21/29,First Quarter
2/28/29,Full Moon
3/7/29,Last Quarter
3/15/29,New Moon
3/23/29,First Quarter
3/30/29,Full Moon
4/5/29,Last Quarter
4/13/29,New Moon
4/21/29,First Quarter
4/28/29,Full Moon
5/5/29,Last Quarter
5/13/29,New Moon
5/21/29,First Quarter
5/27/29,Full Moon
6/4/29,Last Quarter
6/12/29,New Moon
6/19/29,First Quarter
6/26/29,Full Moon
7/3/29,Last Quarter
7/11/29,New Moon
7/18/29,First Quarter
7/25/29,Full Moon
8/2/29,Last Quarter
8/10/29,New Moon
8/16/29,First Quarter
8/24/29,Full Moon
9/1/29,Last Quarter
9/8/29,New Moon
9/15/29,First Quarter
9/22/29,Full Moon
9/30/29,Last Quarter
10/7/29,New Moon
10/14/29,First Quarter
10/22/29,Full Moon
10/30/29,Last Quarter
11/6/29,New Moon
11/13/29,First Quarter
11/21/29,Full Moon
11/28/29,Last Quarter
12/5/29,New Moon
12/12/29,First Quarter
12/20/29,Full Moon
12/28/29,Last Quarter
1/4/30,New Moon
1/11/30,First Quarter
1/19/30,Full Moon
1/26/30,Last Quarter
2/2/30,New Moon
2/10/30,First Quarter
2/18/30,Full Moon
2/25/30,Last Quarter
3/4/30,New Moon
3/12/30,First Quarter
3/19/30,Full Moon
3/26/30,Last Quarter
4/2/30,New Moon
4/11/30,First Quarter
4/18/30,Full Moon
4/24/30,Last Quarter
5/2/30,New Moon
5/10/30,First Quarter
5/17/30,Full Moon
5/24/30,Last Quarter
6/1/30,New Moon
6/9/30,First Quarter
6/15/30,Full Moon
6/22/30,Last Quarter
6/30/30,New Moon
7/8/30,First Quarter
7/15/30,Full Moon
7/22/30,Last Quarter
7/30/30,New Moon
8/6/30,First Quarter
8/13/30,Full Moon
8/21/30,Last Quarter
8/28/30,New Moon
9/4/30,First Quarter
9/11/30,Full Moon
9/19/30,Last Quarter
9/27/30,New Moon
10/4/30,First Quarter
10/11/30,Full Moon
10/19/30,Last Quarter
10/26/30,New Moon
11/2/30,First Quarter
11/10/30,Full Moon
11/18/30,Last Quarter
11/25/30,New Moon
12/1/30,First Quarter
12/9/30,Full Moon
12/18/30,Last Quarter
12/24/30,New Moon
12/31/30,First Quarter
1/8/31,Full Moon
1/16/31,Last Quarter
1/23/31,New Moon
1/30/31,First Quarter
2/7/31,Full Moon
2/14/31,Last Quarter
2/21/31,New Moon
3/1/31,First Quarter
3/9/31,Full Moon
3/16/31,Last Quarter
3/23/31,New Moon
3/31/31,First Quarter
4/7/31,Full Moon
4/14/31,Last Quarter
4/21/31,New Moon
4/29/31,First Quarter
5/7/31,Full Moon
5/13/31,Last Quarter
5/21/31,New Moon
5/29/31,First Quarter
6/5/31,Full Moon
6/12/31,Last Quarter
6/19/31,New Moon
6/28/31,First Quarter
7/4/31,Full Moon
7/11/31,Last Quarter
7/19/31,New Moon
7/27/31,First Quarter
8/3/31,Full Moon
8/10/31,Last Quarter
8/18/31,New Moon
8/25/31,First Quarter
9/1/31,Full Moon
9/8/31,Last Quarter
9/16/31,New Moon
9/24/31,First Quarter
9/30/31,Full Moon
10/8/31,Last Quarter
10/16/31,New Moon
10/23/31,First Quarter
10/30/31,Full Moon
11/7/31,Last Quarter
11/14/31,New Moon
11/21/31,First Quarter
11/28/31,Full Moon
12/7/31,Last Quarter
12/14/31,New Moon
12/21/31,First Quarter
12/28/31,Full Moon
1/5/32,Last Quarter
1/12/32,New Moon
1/19/32,First Quarter
1/27/32,Full Moon
2/4/32,Last Quarter
2/11/32,New Moon
2/18/32,First Quarter
2/26/32,Full Moon
3/5/32,Last Quarter
3/11/32,New Moon
3/18/32,First Quarter
3/27/32,Full Moon
4/3/32,Last Quarter
4/10/32,New Moon
4/17/32,First Quarter
4/25/32,Full Moon
5/2/32,Last Quarter
5/9/32,New Moon
5/17/32,First Quarter
5/25/32,Full Moon
5/31/32,Last Quarter
6/8/32,New Moon
6/16/32,First Quarter
6/23/32,Full Moon
6/30/32,Last Quarter
7/7/32,New Moon
7/15/32,First Quarter
7/22/32,Full Moon
7/29/32,Last Quarter
8/6/32,New Moon
8/14/32,First Quarter
8/21/32,Full Moon
8/27/32,Last Quarter
9/4/32,New Moon
9/12/32,First Quarter
9/19/32,Full Moon
9/26/32,Last Quarter
10/4/32,New Moon
10/12/32,First Quarter
10/18/32,Full Moon
10/26/32,Last Quarter
11/3/32,New Moon
11/10/32,First Quarter
11/17/32,Full Moon
11/24/32,Last Quarter
12/2/32,New Moon
12/9/32,First Quarter
12/16/32,Full Moon
12/24/32,Last Quarter
1/1/33,New Moon
1/8/33,First Quarter
1/15/33,Full Moon
1/23/33,Last Quarter
1/30/33,New Moon
2/6/33,First Quarter
2/14/33,Full Moon
2/22/33,Last Quarter
3/1/33,New Moon
3/8/33,First Quarter
3/16/33,Full Moon
3/24/33,Last Quarter
3/30/33,New Moon
4/6/33,First Quarter
4/14/33,Full Moon
4/22/33,Last Quarter
4/29/33,New Moon
5/6/33,First Quarter
5/14/33,Full Moon
5/21/33,Last Quarter
5/28/33,New Moon
6/4/33,First Quarter
6/12/33,Full Moon
6/19/33,Last Quarter
6/26/33,New Moon
7/4/33,First Quarter
7/12/33,Full Moon
7/19/33,Last Quarter
7/26/33,New Moon
8/3/33,First Quarter
8/10/33,Full Moon
8/17/33,Last Quarter
8/24/33,New Moon
9/2/33,First Quarter
9/9/33,Full Moon
9/15/33,Last Quarter
9/23/33,New Moon
10/1/33,First Quarter
10/8/33,Full Moon
10/15/33,Last Quarter
10/23/33,New Moon
10/31/33,First Quarter
11/6/33,Full Moon
11/13/33,Last Quarter
11/22/33,New Moon
11/29/33,First Quarter
12/6/33,Full Moon
12/13/33,Last Quarter
12/21/33,New Moon
12/29/33,First Quarter
1/4/34,Full Moon
1/12/34,Last Quarter
1/20/34,New Moon
1/27/34,First Quarter
2/3/34,Full Moon
2/11/34,Last Quarter
2/18/34,New Moon
2/25/34,First Quarter
3/5/34,Full Moon
3/13/34,Last Quarter
3/20/34,New Moon
3/27/34,First Quarter
4/3/34,Full Moon
4/11/34,Last Quarter
4/18/34,New Moon
4/25/34,First Quarter
5/3/34,Full Moon
5/11/34,Last Quarter
5/18/34,New Moon
5/24/34,First Quarter
6/2/34,Full Moon
6/9/34,Last Quarter
6/16/34,New Moon
6/23/34,First Quarter
7/1/34,Full Moon
7/9/34,Last Quarter
7/15/34,New Moon
7/23/34,First Quarter
7/31/34,Full Moon
8/7/34,Last Quarter
8/14/34,New Moon
8/22/34,First Quarter
8/29/34,Full Moon
9/5/34,Last Quarter
9/12/34,New Moon
9/20/34,First Quarter
9/28/34,Full Moon
10/4/34,Last Quarter
10/12/34,New Moon
10/20/34,First Quarter
10/27/34,Full Moon
11/3/34,Last Quarter
11/11/34,New Moon
11/19/34,First Quarter
11/25/34,Full Moon
12/2/34,Last Quarter
12/10/34,New Moon
12/18/34,First Quarter
12/25/34,Full Moon
1/1/35,Last Quarter
1/9/35,New Moon
1/17/35,First Quarter
1/23/35,Full Moon
1/31/35,Last Quarter
2/8/35,New Moon
2/15/35,First Quarter
2/22/35,Full Moon
3/2/35,Last Quarter
3/9/35,New Moon
3/16/35,First Quarter
3/23/35,Full Moon
3/31/35,Last Quarter
4/8/35,New Moon
4/15/35,First Quarter
4/22/35,Full Moon
4/30/35,Last Quarter
5/7/35,New Moon
5/14/35,First Quarter
5/22/35,Full Moon
5/30/35,Last Quarter
6/6/35,New Moon
6/12/35,First Quarter
6/20/35,Full Moon
6/28/35,Last Quarter
7/5/35,New Moon
7/12/35,First Quarter
7/20/35,Full Moon
7/28/35,Last Quarter
8/3/35,New Moon
8/10/35,First Quarter
8/19/35,Full Moon
8/26/35,Last Quarter
9/2/35,New Moon
9/9/35,First Quarter
9/17/35,Full Moon
9/24/35,Last Quarter
10/1/35,New Moon
10/9/35,First Quarter
10/17/35,Full Moon
10/23/35,Last Quarter
10/31/35,New Moon
11/8/35,First Quarter
11/15/35,Full Moon
11/22/35,Last Quarter
11/29/35,New Moon
12/8/35,First Quarter
12/15/35,Full Moon
12/21/35,Last Quarter
12/29/35,New Moon